{
    "urls": [
        {
            "url": "http://肥猫.com",
            "name": "🚀1-肥猫"
        },
        {
            "url": "http://www.饭太硬.com/tv/",
            "name": "🚀2-饭太硬推荐"
        },
          {
            "url": "http://xhztv.top/4k.json",
            "name": "🚀3-小盒子4K"
        },
        {
            "url": "https://gitlab.com/noimank/tvbox/-/raw/main/tvbox1.json",
            "name": "🚀4-健康家用"
        },
        {
            "url": "http://tvbox.xn--4kq62z5rby2qupq9ub.top/",
            "name": "🚀5-王二小"
        },
        {
            "url": "https://gh-proxy.com/raw.githubusercontent.com//gaotianliuyun/gao/master/0827.json",
            "name": "🚀6-FongMI线路"
        },
          {
            "url": "https://gh-proxy.org/https:/raw.githubusercontent.com/xyq254245/xyqonlinerule/main/XYQTVBox.json",
            "name": "🚀7-香雅情"
        },
        {
            "url": "http://pandown.pro/tvbox/tvbox.json",
            "name": "🚀8-巧计线路"
        },
         {
            "url": "http://tv.nxog.top/m/",
            "name": "🚀9-欧歌4K"
        },
        {
            "url": "https://gh-proxy.com/raw.githubusercontent.com/gaotianliuyun/gao/master/js.json",
            "name": "🚀10-高天流云js"
        },
        {
            "url": "https://gh-proxy.com/raw.githubusercontent.com/gaotianliuyun/gao/master/XYQ.json",
            "name": "🚀11-高天流云 XYQ"
        },
        {
            "url": "http://www.lyyytv.cn/yt/yt.json",
            "name": "🚀12-影探线路"
        },
        {
            "url": "https://gh-proxy.com/https://raw.githubusercontent.com/yoursmile66/TVBox/main/XC.json",
            "name": "🚀13-南风"
        },
        {
            "url": "https://www.wya6.cn/tv/yc.json",
            "name": "🚀14-无意线路"
        }
    ]
}
